,time,SCE
0,1980-09-01,0
1,1980-09-08,0
2,1980-09-15,0
3,1980-09-22,0
4,1980-09-29,0
5,1980-10-06,0
6,1980-10-13,0
7,1980-10-20,0
8,1980-10-27,0
9,1980-11-03,0
10,1980-11-10,0
11,1980-11-17,0
12,1980-11-24,0
13,1980-12-01,0
14,1980-12-08,0
15,1980-12-15,0
16,1980-12-22,0
17,1980-12-29,0
18,1981-01-05,0
19,1981-01-12,1
20,1981-01-19,0
21,1981-01-26,1
22,1981-02-02,1
23,1981-02-09,1
24,1981-02-16,0
25,1981-02-23,0
26,1981-03-02,0
27,1981-03-09,0
28,1981-03-16,0
29,1981-03-23,0
30,1981-03-30,0
31,1981-04-06,0
32,1981-04-13,0
33,1981-04-20,0
34,1981-04-27,0
35,1981-05-04,0
36,1981-05-11,0
37,1981-05-18,0
38,1981-05-25,0
39,1981-06-01,0
40,1981-06-08,0
41,1981-06-15,0
42,1981-06-22,0
43,1981-06-29,0
44,1981-07-06,0
45,1981-07-13,0
46,1981-07-20,0
47,1981-07-27,0
48,1981-08-03,0
49,1981-08-10,0
50,1981-08-17,0
51,1981-08-24,0
52,1981-08-31,0
53,1981-09-07,0
54,1981-09-14,0
55,1981-09-21,0
56,1981-09-28,0
57,1981-10-05,0
58,1981-10-12,0
59,1981-10-19,0
60,1981-10-26,0
61,1981-11-02,0
62,1981-11-09,0
63,1981-11-16,0
64,1981-11-23,1
65,1981-11-30,1
66,1981-12-07,1
67,1981-12-14,0
68,1981-12-21,1
69,1981-12-28,1
70,1982-01-04,1
71,1982-01-11,1
72,1982-01-18,1
73,1982-01-25,1
74,1982-02-01,1
75,1982-02-08,1
76,1982-02-15,1
77,1982-02-22,1
78,1982-03-01,1
79,1982-03-08,1
80,1982-03-15,0
81,1982-03-22,1
82,1982-03-29,1
83,1982-04-05,0
84,1982-04-12,1
85,1982-04-19,0
86,1982-04-26,0
87,1982-05-03,0
88,1982-05-10,0
89,1982-05-17,0
90,1982-05-24,0
91,1982-05-31,0
92,1982-06-07,0
93,1982-06-14,0
94,1982-06-21,0
95,1982-06-28,0
96,1982-07-05,0
97,1982-07-12,0
98,1982-07-19,0
99,1982-07-26,0
100,1982-08-02,0
101,1982-08-09,0
102,1982-08-16,0
103,1982-08-23,0
104,1982-08-30,0
105,1982-09-06,0
106,1982-09-13,0
107,1982-09-20,0
108,1982-09-27,0
109,1982-10-04,0
110,1982-10-11,0
111,1982-10-18,0
112,1982-10-25,0
113,1982-11-01,0
114,1982-11-08,0
115,1982-11-15,1
116,1982-11-22,1
117,1982-11-29,1
118,1982-12-06,0
119,1982-12-13,0
120,1982-12-20,0
121,1982-12-27,0
122,1983-01-03,0
123,1983-01-10,0
124,1983-01-17,0
125,1983-01-24,0
126,1983-01-31,1
127,1983-02-07,1
128,1983-02-14,0
129,1983-02-21,0
130,1983-02-28,0
131,1983-03-07,0
132,1983-03-14,0
133,1983-03-21,0
134,1983-03-28,0
135,1983-04-04,0
136,1983-04-11,0
137,1983-04-18,0
138,1983-04-25,0
139,1983-05-02,0
140,1983-05-09,0
141,1983-05-16,0
142,1983-05-23,0
143,1983-05-30,0
144,1983-06-06,0
145,1983-06-13,0
146,1983-06-20,0
147,1983-06-27,0
148,1983-07-04,0
149,1983-07-11,0
150,1983-07-18,0
151,1983-07-25,0
152,1983-08-01,0
153,1983-08-08,0
154,1983-08-15,0
155,1983-08-22,0
156,1983-08-29,0
157,1983-09-05,0
158,1983-09-12,0
159,1983-09-19,0
160,1983-09-26,0
161,1983-10-03,0
162,1983-10-10,0
163,1983-10-17,0
164,1983-10-24,0
165,1983-10-31,0
166,1983-11-07,0
167,1983-11-14,0
168,1983-11-21,0
169,1983-11-28,1
170,1983-12-05,1
171,1983-12-12,1
172,1983-12-19,1
173,1983-12-26,1
174,1984-01-02,1
175,1984-01-09,1
176,1984-01-16,1
177,1984-01-23,1
178,1984-01-30,0
179,1984-02-06,0
180,1984-02-13,0
181,1984-02-20,0
182,1984-02-27,0
183,1984-03-05,1
184,1984-03-12,1
185,1984-03-19,1
186,1984-03-26,0
187,1984-04-02,0
188,1984-04-09,0
189,1984-04-16,0
190,1984-04-23,0
191,1984-04-30,1
192,1984-05-07,0
193,1984-05-14,0
194,1984-05-21,0
195,1984-05-28,0
196,1984-06-04,0
197,1984-06-11,0
198,1984-06-18,0
199,1984-06-25,0
200,1984-07-02,0
201,1984-07-09,0
202,1984-07-16,0
203,1984-07-23,0
204,1984-07-30,0
205,1984-08-06,0
206,1984-08-13,0
207,1984-08-20,0
208,1984-08-27,0
209,1984-09-03,0
210,1984-09-10,0
211,1984-09-17,0
212,1984-09-24,0
213,1984-10-01,0
214,1984-10-08,0
215,1984-10-15,0
216,1984-10-22,0
217,1984-10-29,0
218,1984-11-05,0
219,1984-11-12,0
220,1984-11-19,0
221,1984-11-26,0
222,1984-12-03,1
223,1984-12-10,1
224,1984-12-17,1
225,1984-12-24,1
226,1984-12-31,1
227,1985-01-07,1
228,1985-01-14,1
229,1985-01-21,1
230,1985-01-28,1
231,1985-02-04,1
232,1985-02-11,1
233,1985-02-18,1
234,1985-02-25,1
235,1985-03-04,0
236,1985-03-11,1
237,1985-03-18,0
238,1985-03-25,0
239,1985-04-01,0
240,1985-04-08,0
241,1985-04-15,0
242,1985-04-22,0
243,1985-04-29,0
244,1985-05-06,0
245,1985-05-13,0
246,1985-05-20,0
247,1985-05-27,0
248,1985-06-03,0
249,1985-06-10,0
250,1985-06-17,0
251,1985-06-24,0
252,1985-07-01,0
253,1985-07-08,0
254,1985-07-15,0
255,1985-07-22,0
256,1985-07-29,0
257,1985-08-05,0
258,1985-08-12,0
259,1985-08-19,0
260,1985-08-26,0
261,1985-09-02,0
262,1985-09-09,0
263,1985-09-16,0
264,1985-09-23,0
265,1985-09-30,0
266,1985-10-07,0
267,1985-10-14,0
268,1985-10-21,0
269,1985-10-28,0
270,1985-11-04,0
271,1985-11-11,0
272,1985-11-18,0
273,1985-11-25,1
274,1985-12-02,1
275,1985-12-09,1
276,1985-12-16,1
277,1985-12-23,1
278,1985-12-30,1
279,1986-01-06,1
280,1986-01-13,1
281,1986-01-20,1
282,1986-01-27,1
283,1986-02-03,1
284,1986-02-10,1
285,1986-02-17,1
286,1986-02-24,1
287,1986-03-03,1
288,1986-03-10,0
289,1986-03-17,0
290,1986-03-24,0
291,1986-03-31,0
292,1986-04-07,0
293,1986-04-14,0
294,1986-04-21,0
295,1986-04-28,0
296,1986-05-05,0
297,1986-05-12,0
298,1986-05-19,0
299,1986-05-26,0
300,1986-06-02,0
301,1986-06-09,0
302,1986-06-16,0
303,1986-06-23,0
304,1986-06-30,0
305,1986-07-07,0
306,1986-07-14,0
307,1986-07-21,0
308,1986-07-28,0
309,1986-08-04,0
310,1986-08-11,0
311,1986-08-18,0
312,1986-08-25,0
313,1986-09-01,0
314,1986-09-08,0
315,1986-09-15,0
316,1986-09-22,0
317,1986-09-29,0
318,1986-10-06,0
319,1986-10-13,0
320,1986-10-20,0
321,1986-10-27,0
322,1986-11-03,0
323,1986-11-10,1
324,1986-11-17,1
325,1986-11-24,1
326,1986-12-01,1
327,1986-12-08,1
328,1986-12-15,1
329,1986-12-22,1
330,1986-12-29,0
331,1987-01-05,0
332,1987-01-12,0
333,1987-01-19,1
334,1987-01-26,1
335,1987-02-02,0
336,1987-02-09,0
337,1987-02-16,0
338,1987-02-23,1
339,1987-03-02,1
340,1987-03-09,1
341,1987-03-16,1
342,1987-03-23,0
343,1987-03-30,1
344,1987-04-06,0
345,1987-04-13,0
346,1987-04-20,0
347,1987-04-27,0
348,1987-05-04,0
349,1987-05-11,0
350,1987-05-18,0
351,1987-05-25,0
352,1987-06-01,0
353,1987-06-08,0
354,1987-06-15,0
355,1987-06-22,0
356,1987-06-29,0
357,1987-07-06,0
358,1987-07-13,0
359,1987-07-20,0
360,1987-07-27,0
361,1987-08-03,0
362,1987-08-10,0
363,1987-08-17,0
364,1987-08-24,0
365,1987-08-31,0
366,1987-09-07,0
367,1987-09-14,0
368,1987-09-21,0
369,1987-09-28,0
370,1987-10-05,0
371,1987-10-12,0
372,1987-10-19,0
373,1987-10-26,0
374,1987-11-02,0
375,1987-11-09,0
376,1987-11-16,0
377,1987-11-23,0
378,1987-11-30,0
379,1987-12-07,0
380,1987-12-14,0
381,1987-12-21,0
382,1987-12-28,1
383,1988-01-04,0
384,1988-01-11,1
385,1988-01-18,1
386,1988-01-25,1
387,1988-02-01,1
388,1988-02-08,1
389,1988-02-15,1
390,1988-02-22,1
391,1988-02-29,0
392,1988-03-07,0
393,1988-03-14,1
394,1988-03-21,0
395,1988-03-28,0
396,1988-04-04,0
397,1988-04-11,0
398,1988-04-18,0
399,1988-04-25,0
400,1988-05-02,0
401,1988-05-09,0
402,1988-05-16,0
403,1988-05-23,0
404,1988-05-30,0
405,1988-06-06,0
406,1988-06-13,0
407,1988-06-20,0
408,1988-06-27,0
409,1988-07-04,0
410,1988-07-11,0
411,1988-07-18,0
412,1988-07-25,0
413,1988-08-01,0
414,1988-08-08,0
415,1988-08-15,0
416,1988-08-22,0
417,1988-08-29,0
418,1988-09-05,0
419,1988-09-12,0
420,1988-09-19,0
421,1988-09-26,0
422,1988-10-03,0
423,1988-10-10,0
424,1988-10-17,0
425,1988-10-24,0
426,1988-10-31,0
427,1988-11-07,0
428,1988-11-14,0
429,1988-11-21,1
430,1988-11-28,1
431,1988-12-05,0
432,1988-12-12,0
433,1988-12-19,0
434,1988-12-26,0
435,1989-01-02,1
436,1989-01-09,1
437,1989-01-16,1
438,1989-01-23,1
439,1989-01-30,1
440,1989-02-06,1
441,1989-02-13,1
442,1989-02-20,1
443,1989-02-27,1
444,1989-03-06,1
445,1989-03-13,1
446,1989-03-20,1
447,1989-03-27,0
448,1989-04-03,0
449,1989-04-10,0
450,1989-04-17,1
451,1989-04-24,0
452,1989-05-01,0
453,1989-05-08,0
454,1989-05-15,0
455,1989-05-22,0
456,1989-05-29,0
457,1989-06-05,0
458,1989-06-12,0
459,1989-06-19,0
460,1989-06-26,0
461,1989-07-03,0
462,1989-07-10,0
463,1989-07-17,0
464,1989-07-24,0
465,1989-07-31,0
466,1989-08-07,0
467,1989-08-14,0
468,1989-08-21,0
469,1989-08-28,0
470,1989-09-04,0
471,1989-09-11,0
472,1989-09-18,0
473,1989-09-25,0
474,1989-10-02,0
475,1989-10-09,0
476,1989-10-16,0
477,1989-10-23,0
478,1989-10-30,0
479,1989-11-06,0
480,1989-11-13,0
481,1989-11-20,0
482,1989-11-27,1
483,1989-12-04,1
484,1989-12-11,1
485,1989-12-18,1
486,1989-12-25,1
487,1990-01-01,1
488,1990-01-08,1
489,1990-01-15,0
490,1990-01-22,1
491,1990-01-29,1
492,1990-02-05,1
493,1990-02-12,0
494,1990-02-19,1
495,1990-02-26,0
496,1990-03-05,0
497,1990-03-12,0
498,1990-03-19,0
499,1990-03-26,0
500,1990-04-02,0
501,1990-04-09,0
502,1990-04-16,1
503,1990-04-23,0
504,1990-04-30,0
505,1990-05-07,0
506,1990-05-14,0
507,1990-05-21,0
508,1990-05-28,0
509,1990-06-04,0
510,1990-06-11,0
511,1990-06-18,0
512,1990-06-25,0
513,1990-07-02,0
514,1990-07-09,0
515,1990-07-16,0
516,1990-07-23,0
517,1990-07-30,0
518,1990-08-06,0
519,1990-08-13,0
520,1990-08-20,0
521,1990-08-27,0
522,1990-09-03,0
523,1990-09-10,0
524,1990-09-17,0
525,1990-09-24,0
526,1990-10-01,0
527,1990-10-08,0
528,1990-10-15,0
529,1990-10-22,0
530,1990-10-29,0
531,1990-11-05,0
532,1990-11-12,0
533,1990-11-19,0
534,1990-11-26,0
535,1990-12-03,1
536,1990-12-10,0
537,1990-12-17,0
538,1990-12-24,1
539,1990-12-31,1
540,1991-01-07,1
541,1991-01-14,1
542,1991-01-21,1
543,1991-01-28,1
544,1991-02-04,0
545,1991-02-11,0
546,1991-02-18,0
547,1991-02-25,1
548,1991-03-04,0
549,1991-03-11,0
550,1991-03-18,0
551,1991-03-25,0
552,1991-04-01,0
553,1991-04-08,0
554,1991-04-15,1
555,1991-04-22,0
556,1991-04-29,0
557,1991-05-06,0
558,1991-05-13,0
559,1991-05-20,0
560,1991-05-27,0
561,1991-06-03,0
562,1991-06-10,0
563,1991-06-17,0
564,1991-06-24,0
565,1991-07-01,0
566,1991-07-08,0
567,1991-07-15,0
568,1991-07-22,0
569,1991-07-29,0
570,1991-08-05,0
571,1991-08-12,0
572,1991-08-19,0
573,1991-08-26,0
574,1991-09-02,0
575,1991-09-09,0
576,1991-09-16,0
577,1991-09-23,0
578,1991-09-30,0
579,1991-10-07,0
580,1991-10-14,0
581,1991-10-21,0
582,1991-10-28,0
583,1991-11-04,1
584,1991-11-11,1
585,1991-11-18,0
586,1991-11-25,0
587,1991-12-02,1
588,1991-12-09,0
589,1991-12-16,0
590,1991-12-23,0
591,1991-12-30,1
592,1992-01-06,0
593,1992-01-13,1
594,1992-01-20,1
595,1992-01-27,1
596,1992-02-03,0
597,1992-02-10,0
598,1992-02-17,1
599,1992-02-24,1
600,1992-03-02,0
601,1992-03-09,0
602,1992-03-16,0
603,1992-03-23,1
604,1992-03-30,0
605,1992-04-06,0
606,1992-04-13,0
607,1992-04-20,0
608,1992-04-27,0
609,1992-05-04,0
610,1992-05-11,0
611,1992-05-18,0
612,1992-05-25,0
613,1992-06-01,0
614,1992-06-08,0
615,1992-06-15,0
616,1992-06-22,0
617,1992-06-29,0
618,1992-07-06,0
619,1992-07-13,0
620,1992-07-20,0
621,1992-07-27,0
622,1992-08-03,0
623,1992-08-10,0
624,1992-08-17,0
625,1992-08-24,0
626,1992-08-31,0
627,1992-09-07,0
628,1992-09-14,0
629,1992-09-21,0
630,1992-09-28,0
631,1992-10-05,0
632,1992-10-12,0
633,1992-10-19,0
634,1992-10-26,0
635,1992-11-02,0
636,1992-11-09,1
637,1992-11-16,1
638,1992-11-23,1
639,1992-11-30,1
640,1992-12-07,1
641,1992-12-14,1
642,1992-12-21,1
643,1992-12-28,1
644,1993-01-04,1
645,1993-01-11,1
646,1993-01-18,1
647,1993-01-25,1
648,1993-02-01,1
649,1993-02-08,1
650,1993-02-15,1
651,1993-02-22,1
652,1993-03-01,1
653,1993-03-08,1
654,1993-03-15,1
655,1993-03-22,1
656,1993-03-29,0
657,1993-04-05,0
658,1993-04-12,0
659,1993-04-19,0
660,1993-04-26,0
661,1993-05-03,0
662,1993-05-10,0
663,1993-05-17,0
664,1993-05-24,0
665,1993-05-31,0
666,1993-06-07,0
667,1993-06-14,0
668,1993-06-21,0
669,1993-06-28,0
670,1993-07-05,0
671,1993-07-12,0
672,1993-07-19,0
673,1993-07-26,0
674,1993-08-02,0
675,1993-08-09,0
676,1993-08-16,0
677,1993-08-23,0
678,1993-08-30,0
679,1993-09-06,0
680,1993-09-13,0
681,1993-09-20,0
682,1993-09-27,0
683,1993-10-04,0
684,1993-10-11,0
685,1993-10-18,0
686,1993-10-25,0
687,1993-11-01,0
688,1993-11-08,1
689,1993-11-15,0
690,1993-11-22,0
691,1993-11-29,1
692,1993-12-06,1
693,1993-12-13,1
694,1993-12-20,1
695,1993-12-27,1
696,1994-01-03,1
697,1994-01-10,1
698,1994-01-17,1
699,1994-01-24,1
700,1994-01-31,1
701,1994-02-07,1
702,1994-02-14,1
703,1994-02-21,1
704,1994-02-28,1
705,1994-03-07,1
706,1994-03-14,1
707,1994-03-21,0
708,1994-03-28,1
709,1994-04-04,0
710,1994-04-11,0
711,1994-04-18,0
712,1994-04-25,0
713,1994-05-02,0
714,1994-05-09,0
715,1994-05-16,0
716,1994-05-23,0
717,1994-05-30,0
718,1994-06-06,0
719,1994-06-13,0
720,1994-06-20,0
721,1994-06-27,0
722,1994-07-04,0
723,1994-07-11,0
724,1994-07-18,0
725,1994-07-25,0
726,1994-08-01,0
727,1994-08-08,0
728,1994-08-15,0
729,1994-08-22,0
730,1994-08-29,0
731,1994-09-05,0
732,1994-09-12,0
733,1994-09-19,0
734,1994-09-26,0
735,1994-10-03,0
736,1994-10-10,0
737,1994-10-17,0
738,1994-10-24,0
739,1994-10-31,0
740,1994-11-07,0
741,1994-11-14,0
742,1994-11-21,1
743,1994-11-28,1
744,1994-12-05,1
745,1994-12-12,1
746,1994-12-19,1
747,1994-12-26,1
748,1995-01-02,1
749,1995-01-09,1
750,1995-01-16,1
751,1995-01-23,1
752,1995-01-30,1
753,1995-02-06,1
754,1995-02-13,1
755,1995-02-20,1
756,1995-02-27,1
757,1995-03-06,1
758,1995-03-13,1
759,1995-03-20,0
760,1995-03-27,0
761,1995-04-03,0
762,1995-04-10,1
763,1995-04-17,0
764,1995-04-24,0
765,1995-05-01,0
766,1995-05-08,0
767,1995-05-15,0
768,1995-05-22,0
769,1995-05-29,0
770,1995-06-05,0
771,1995-06-12,0
772,1995-06-19,0
773,1995-06-26,0
774,1995-07-03,0
775,1995-07-10,0
776,1995-07-17,0
777,1995-07-24,0
778,1995-07-31,0
779,1995-08-07,0
780,1995-08-14,0
781,1995-08-21,0
782,1995-08-28,0
783,1995-09-04,0
784,1995-09-11,0
785,1995-09-18,0
786,1995-09-25,0
787,1995-10-02,0
788,1995-10-09,0
789,1995-10-16,0
790,1995-10-23,0
791,1995-10-30,0
792,1995-11-06,1
793,1995-11-13,0
794,1995-11-20,1
795,1995-11-27,0
796,1995-12-04,0
797,1995-12-11,1
798,1995-12-18,1
799,1995-12-25,1
800,1996-01-01,1
801,1996-01-08,1
802,1996-01-15,1
803,1996-01-22,1
804,1996-01-29,1
805,1996-02-05,1
806,1996-02-12,0
807,1996-02-19,1
808,1996-02-26,1
809,1996-03-04,1
810,1996-03-11,1
811,1996-03-18,0
812,1996-03-25,1
813,1996-04-01,1
814,1996-04-08,0
815,1996-04-15,0
816,1996-04-22,0
817,1996-04-29,0
818,1996-05-06,0
819,1996-05-13,0
820,1996-05-20,0
821,1996-05-27,0
822,1996-06-03,0
823,1996-06-10,0
824,1996-06-17,0
825,1996-06-24,0
826,1996-07-01,0
827,1996-07-08,0
828,1996-07-15,0
829,1996-07-22,0
830,1996-07-29,0
831,1996-08-05,0
832,1996-08-12,0
833,1996-08-19,0
834,1996-08-26,0
835,1996-09-02,0
836,1996-09-09,0
837,1996-09-16,0
838,1996-09-23,0
839,1996-09-30,0
840,1996-10-07,0
841,1996-10-14,0
842,1996-10-21,0
843,1996-10-28,0
844,1996-11-04,0
845,1996-11-11,0
846,1996-11-18,1
847,1996-11-25,1
848,1996-12-02,1
849,1996-12-09,1
850,1996-12-16,1
851,1996-12-23,1
852,1996-12-30,1
853,1997-01-06,1
854,1997-01-13,1
855,1997-01-20,1
856,1997-01-27,1
857,1997-02-03,1
858,1997-02-10,1
859,1997-02-17,1
860,1997-02-24,1
861,1997-03-03,1
862,1997-03-10,1
863,1997-03-17,1
864,1997-03-24,1
865,1997-03-31,1
866,1997-04-07,1
867,1997-04-14,1
868,1997-04-21,0
869,1997-04-28,0
870,1997-05-05,0
871,1997-05-12,0
872,1997-05-19,0
873,1997-05-26,0
874,1997-06-02,0
875,1997-06-09,0
876,1997-06-16,0
877,1997-06-23,0
878,1997-06-30,0
879,1997-07-07,0
880,1997-07-14,0
881,1997-07-21,0
882,1997-07-28,0
883,1997-08-04,0
884,1997-08-11,0
885,1997-08-18,0
886,1997-08-25,0
887,1997-09-01,0
888,1997-09-08,0
889,1997-09-15,0
890,1997-09-22,0
891,1997-09-29,0
892,1997-10-06,0
893,1997-10-13,0
894,1997-10-20,0
895,1997-10-27,0
896,1997-11-03,0
897,1997-11-10,0
898,1997-11-17,1
899,1997-11-24,1
900,1997-12-01,1
901,1997-12-08,1
902,1997-12-15,1
903,1997-12-22,1
904,1997-12-29,0
905,1998-01-05,1
906,1998-01-12,1
907,1998-01-19,1
908,1998-01-26,1
909,1998-02-02,1
910,1998-02-09,1
911,1998-02-16,0
912,1998-02-23,1
913,1998-03-02,1
914,1998-03-09,1
915,1998-03-16,1
916,1998-03-23,1
917,1998-03-30,0
918,1998-04-06,0
919,1998-04-13,0
920,1998-04-20,0
921,1998-04-27,0
922,1998-05-04,0
923,1998-05-11,0
924,1998-05-18,0
925,1998-05-25,0
926,1998-06-01,0
927,1998-06-08,0
928,1998-06-15,0
929,1998-06-22,0
930,1998-06-29,0
931,1998-07-06,0
932,1998-07-13,0
933,1998-07-20,0
934,1998-07-27,0
935,1998-08-03,0
936,1998-08-10,0
937,1998-08-17,0
938,1998-08-24,0
939,1998-08-31,0
940,1998-09-07,0
941,1998-09-14,0
942,1998-09-21,0
943,1998-09-28,0
944,1998-10-05,0
945,1998-10-12,0
946,1998-10-19,0
947,1998-10-26,0
948,1998-11-02,0
949,1998-11-09,1
950,1998-11-16,1
951,1998-11-23,1
952,1998-11-30,0
953,1998-12-07,0
954,1998-12-14,0
955,1998-12-21,1
956,1998-12-28,1
957,1999-01-04,1
958,1999-01-11,1
959,1999-01-18,1
960,1999-01-25,1
961,1999-02-01,1
962,1999-02-08,1
963,1999-02-15,1
964,1999-02-22,1
965,1999-03-01,0
966,1999-03-08,0
967,1999-03-15,0
968,1999-03-22,0
969,1999-03-29,0
970,1999-04-05,1
971,1999-04-12,0
972,1999-04-19,0
973,1999-04-26,0
974,1999-05-03,0
975,1999-05-10,0
976,1999-05-17,0
977,1999-05-24,0
978,1999-05-31,0
979,1999-06-07,0
980,1999-06-14,0
981,1999-06-21,0
982,1999-06-28,0
983,1999-07-05,0
984,1999-07-12,0
985,1999-07-19,0
986,1999-07-26,0
987,1999-08-02,0
988,1999-08-09,0
989,1999-08-16,0
990,1999-08-23,0
991,1999-08-30,0
992,1999-09-06,0
993,1999-09-13,0
994,1999-09-20,0
995,1999-09-27,0
996,1999-10-04,0
997,1999-10-11,0
998,1999-10-18,0
999,1999-10-25,0
1000,1999-11-01,0
1001,1999-11-08,0
1002,1999-11-15,0
1003,1999-11-22,0
1004,1999-11-29,0
1005,1999-12-06,0
1006,1999-12-13,0
1007,1999-12-20,1
1008,1999-12-27,1
1009,2000-01-03,0
1010,2000-01-10,0
1011,2000-01-17,1
1012,2000-01-24,1
1013,2000-01-31,1
1014,2000-02-07,0
1015,2000-02-14,1
1016,2000-02-21,1
1017,2000-02-28,0
1018,2000-03-06,0
1019,2000-03-13,1
1020,2000-03-20,1
1021,2000-03-27,0
1022,2000-04-03,0
1023,2000-04-10,0
1024,2000-04-17,0
1025,2000-04-24,0
1026,2000-05-01,0
1027,2000-05-08,0
1028,2000-05-15,0
1029,2000-05-22,0
1030,2000-05-29,0
1031,2000-06-05,0
1032,2000-06-12,0
1033,2000-06-19,0
1034,2000-06-26,0
1035,2000-07-03,0
1036,2000-07-10,0
1037,2000-07-17,0
1038,2000-07-24,0
1039,2000-07-31,0
1040,2000-08-07,0
1041,2000-08-14,0
1042,2000-08-21,0
1043,2000-08-28,0
1044,2000-09-04,0
1045,2000-09-11,0
1046,2000-09-18,0
1047,2000-09-25,0
1048,2000-10-02,0
1049,2000-10-09,0
1050,2000-10-16,0
1051,2000-10-23,0
1052,2000-10-30,0
1053,2000-11-06,0
1054,2000-11-13,1
1055,2000-11-20,1
1056,2000-11-27,1
1057,2000-12-04,1
1058,2000-12-11,1
1059,2000-12-18,1
1060,2000-12-25,1
1061,2001-01-01,1
1062,2001-01-08,1
1063,2001-01-15,1
1064,2001-01-22,1
1065,2001-01-29,1
1066,2001-02-05,1
1067,2001-02-12,1
1068,2001-02-19,1
1069,2001-02-26,1
1070,2001-03-05,1
1071,2001-03-12,1
1072,2001-03-19,1
1073,2001-03-26,1
1074,2001-04-02,1
1075,2001-04-09,1
1076,2001-04-16,0
1077,2001-04-23,0
1078,2001-04-30,0
1079,2001-05-07,0
1080,2001-05-14,0
1081,2001-05-21,0
1082,2001-05-28,0
1083,2001-06-04,0
1084,2001-06-11,0
1085,2001-06-18,0
1086,2001-06-25,0
1087,2001-07-02,0
1088,2001-07-09,0
1089,2001-07-16,0
1090,2001-07-23,0
1091,2001-07-30,0
1092,2001-08-06,0
1093,2001-08-13,0
1094,2001-08-20,0
1095,2001-08-27,0
1096,2001-09-03,0
1097,2001-09-10,0
1098,2001-09-17,0
1099,2001-09-24,0
1100,2001-10-01,0
1101,2001-10-08,0
1102,2001-10-15,0
1103,2001-10-22,0
1104,2001-10-29,0
1105,2001-11-05,0
1106,2001-11-12,0
1107,2001-11-19,0
1108,2001-11-26,1
1109,2001-12-03,1
1110,2001-12-10,1
1111,2001-12-17,0
1112,2001-12-24,1
1113,2001-12-31,1
1114,2002-01-07,1
1115,2002-01-14,1
1116,2002-01-21,1
1117,2002-01-28,1
1118,2002-02-04,1
1119,2002-02-11,1
1120,2002-02-18,0
1121,2002-02-25,1
1122,2002-03-04,1
1123,2002-03-11,1
1124,2002-03-18,0
1125,2002-03-25,1
1126,2002-04-01,0
1127,2002-04-08,0
1128,2002-04-15,0
1129,2002-04-22,0
1130,2002-04-29,0
1131,2002-05-06,0
1132,2002-05-13,0
1133,2002-05-20,0
1134,2002-05-27,0
1135,2002-06-03,0
1136,2002-06-10,0
1137,2002-06-17,0
1138,2002-06-24,0
1139,2002-07-01,0
1140,2002-07-08,0
1141,2002-07-15,0
1142,2002-07-22,0
1143,2002-07-29,0
1144,2002-08-05,0
1145,2002-08-12,0
1146,2002-08-19,0
1147,2002-08-26,0
1148,2002-09-02,0
1149,2002-09-09,0
1150,2002-09-16,0
1151,2002-09-23,0
1152,2002-09-30,0
1153,2002-10-07,0
1154,2002-10-14,0
1155,2002-10-21,0
1156,2002-10-28,0
1157,2002-11-04,0
1158,2002-11-11,0
1159,2002-11-18,0
1160,2002-11-25,0
1161,2002-12-02,0
1162,2002-12-09,1
1163,2002-12-16,0
1164,2002-12-23,1
1165,2002-12-30,1
1166,2003-01-06,1
1167,2003-01-13,1
1168,2003-01-20,1
1169,2003-01-27,1
1170,2003-02-03,1
1171,2003-02-10,1
1172,2003-02-17,1
1173,2003-02-24,1
1174,2003-03-03,1
1175,2003-03-10,1
1176,2003-03-17,0
1177,2003-03-24,0
1178,2003-03-31,0
1179,2003-04-07,0
1180,2003-04-14,0
1181,2003-04-21,0
1182,2003-04-28,0
1183,2003-05-05,0
1184,2003-05-12,0
1185,2003-05-19,0
1186,2003-05-26,0
1187,2003-06-02,0
1188,2003-06-09,0
1189,2003-06-16,0
1190,2003-06-23,0
1191,2003-06-30,0
1192,2003-07-07,0
1193,2003-07-14,0
1194,2003-07-21,0
1195,2003-07-28,0
1196,2003-08-04,0
1197,2003-08-11,0
1198,2003-08-18,0
1199,2003-08-25,0
1200,2003-09-01,0
1201,2003-09-08,0
1202,2003-09-15,0
1203,2003-09-22,0
1204,2003-09-29,0
1205,2003-10-06,0
1206,2003-10-13,0
1207,2003-10-20,0
1208,2003-10-27,0
1209,2003-11-03,1
1210,2003-11-10,1
1211,2003-11-17,0
1212,2003-11-24,1
1213,2003-12-01,1
1214,2003-12-08,1
1215,2003-12-15,1
1216,2003-12-22,0
1217,2003-12-29,1
1218,2004-01-05,1
1219,2004-01-12,1
1220,2004-01-19,1
1221,2004-01-26,1
1222,2004-02-02,1
1223,2004-02-09,1
1224,2004-02-16,1
1225,2004-02-23,1
1226,2004-03-01,1
1227,2004-03-08,1
1228,2004-03-15,1
1229,2004-03-22,0
1230,2004-03-29,0
1231,2004-04-05,0
1232,2004-04-12,0
1233,2004-04-19,0
1234,2004-04-26,0
1235,2004-05-03,0
1236,2004-05-10,0
1237,2004-05-17,0
1238,2004-05-24,0
1239,2004-05-31,0
1240,2004-06-07,0
1241,2004-06-14,0
1242,2004-06-21,0
1243,2004-06-28,0
1244,2004-07-05,0
1245,2004-07-12,0
1246,2004-07-19,0
1247,2004-07-26,0
1248,2004-08-02,0
1249,2004-08-09,0
1250,2004-08-16,0
1251,2004-08-23,0
1252,2004-08-30,0
1253,2004-09-06,0
1254,2004-09-13,0
1255,2004-09-20,0
1256,2004-09-27,0
1257,2004-10-04,0
1258,2004-10-11,0
1259,2004-10-18,0
1260,2004-10-25,0
1261,2004-11-01,0
1262,2004-11-08,0
1263,2004-11-15,0
1264,2004-11-22,0
1265,2004-11-29,0
1266,2004-12-06,0
1267,2004-12-13,0
1268,2004-12-20,0
1269,2004-12-27,1
1270,2005-01-03,1
1271,2005-01-10,1
1272,2005-01-17,1
1273,2005-01-24,1
1274,2005-01-31,1
1275,2005-02-07,1
1276,2005-02-14,0
1277,2005-02-21,1
1278,2005-02-28,1
1279,2005-03-07,0
1280,2005-03-14,1
1281,2005-03-21,0
1282,2005-03-28,0
1283,2005-04-04,0
1284,2005-04-11,0
1285,2005-04-18,0
1286,2005-04-25,0
1287,2005-05-02,0
1288,2005-05-09,0
1289,2005-05-16,0
1290,2005-05-23,0
1291,2005-05-30,0
1292,2005-06-06,0
1293,2005-06-13,0
1294,2005-06-20,0
1295,2005-06-27,0
1296,2005-07-04,0
1297,2005-07-11,0
1298,2005-07-18,0
1299,2005-07-25,0
1300,2005-08-01,0
1301,2005-08-08,0
1302,2005-08-15,0
1303,2005-08-22,0
1304,2005-08-29,0
1305,2005-09-05,0
1306,2005-09-12,0
1307,2005-09-19,0
1308,2005-09-26,0
1309,2005-10-03,0
1310,2005-10-10,0
1311,2005-10-17,0
1312,2005-10-24,0
1313,2005-10-31,0
1314,2005-11-07,0
1315,2005-11-14,1
1316,2005-11-21,0
1317,2005-11-28,1
1318,2005-12-05,1
1319,2005-12-12,1
1320,2005-12-19,1
1321,2005-12-26,1
1322,2006-01-02,1
1323,2006-01-09,1
1324,2006-01-16,1
1325,2006-01-23,1
1326,2006-01-30,1
1327,2006-02-06,1
1328,2006-02-13,1
1329,2006-02-20,1
1330,2006-02-27,1
1331,2006-03-06,1
1332,2006-03-13,0
1333,2006-03-20,0
1334,2006-03-27,0
1335,2006-04-03,0
1336,2006-04-10,0
1337,2006-04-17,0
1338,2006-04-24,0
1339,2006-05-01,0
1340,2006-05-08,0
1341,2006-05-15,0
1342,2006-05-22,0
1343,2006-05-29,0
1344,2006-06-05,0
1345,2006-06-12,0
1346,2006-06-19,0
1347,2006-06-26,0
1348,2006-07-03,0
1349,2006-07-10,0
1350,2006-07-17,0
1351,2006-07-24,0
1352,2006-07-31,0
1353,2006-08-07,0
1354,2006-08-14,0
1355,2006-08-21,0
1356,2006-08-28,0
1357,2006-09-04,0
1358,2006-09-11,0
1359,2006-09-18,0
1360,2006-09-25,0
1361,2006-10-02,0
1362,2006-10-09,0
1363,2006-10-16,0
1364,2006-10-23,0
1365,2006-10-30,0
1366,2006-11-06,0
1367,2006-11-13,0
1368,2006-11-20,0
1369,2006-11-27,0
1370,2006-12-04,1
1371,2006-12-11,0
1372,2006-12-18,0
1373,2006-12-25,0
1374,2007-01-01,1
1375,2007-01-08,1
1376,2007-01-15,1
1377,2007-01-22,1
1378,2007-01-29,1
1379,2007-02-05,1
1380,2007-02-12,1
1381,2007-02-19,1
1382,2007-02-26,1
1383,2007-03-05,1
1384,2007-03-12,1
1385,2007-03-19,1
1386,2007-03-26,0
1387,2007-04-02,0
1388,2007-04-09,1
1389,2007-04-16,0
1390,2007-04-23,0
1391,2007-04-30,0
1392,2007-05-07,0
1393,2007-05-14,0
1394,2007-05-21,0
1395,2007-05-28,0
1396,2007-06-04,0
1397,2007-06-11,0
1398,2007-06-18,0
1399,2007-06-25,0
1400,2007-07-02,0
1401,2007-07-09,0
1402,2007-07-16,0
1403,2007-07-23,0
1404,2007-07-30,0
1405,2007-08-06,0
1406,2007-08-13,0
1407,2007-08-20,0
1408,2007-08-27,0
1409,2007-09-03,0
1410,2007-09-10,0
1411,2007-09-17,0
1412,2007-09-24,0
1413,2007-10-01,0
1414,2007-10-08,0
1415,2007-10-15,0
1416,2007-10-22,0
1417,2007-10-29,0
1418,2007-11-05,0
1419,2007-11-12,0
1420,2007-11-19,0
1421,2007-11-26,0
1422,2007-12-03,1
1423,2007-12-10,1
1424,2007-12-17,1
1425,2007-12-24,1
1426,2007-12-31,1
1427,2008-01-07,1
1428,2008-01-14,1
1429,2008-01-21,1
1430,2008-01-28,1
1431,2008-02-04,1
1432,2008-02-11,1
1433,2008-02-18,1
1434,2008-02-25,1
1435,2008-03-03,0
1436,2008-03-10,1
1437,2008-03-17,0
1438,2008-03-24,1
1439,2008-03-31,0
1440,2008-04-07,0
1441,2008-04-14,0
1442,2008-04-21,0
1443,2008-04-28,0
1444,2008-05-05,0
1445,2008-05-12,0
1446,2008-05-19,0
1447,2008-05-26,0
1448,2008-06-02,0
1449,2008-06-09,0
1450,2008-06-16,0
1451,2008-06-23,0
1452,2008-06-30,0
1453,2008-07-07,0
1454,2008-07-14,0
1455,2008-07-21,0
1456,2008-07-28,0
1457,2008-08-04,0
1458,2008-08-11,0
1459,2008-08-18,0
1460,2008-08-25,0
1461,2008-09-01,0
1462,2008-09-08,0
1463,2008-09-15,0
1464,2008-09-22,0
1465,2008-09-29,0
1466,2008-10-06,0
1467,2008-10-13,0
1468,2008-10-20,0
1469,2008-10-27,0
1470,2008-11-03,0
1471,2008-11-10,1
1472,2008-11-17,1
1473,2008-11-24,1
1474,2008-12-01,1
1475,2008-12-08,1
1476,2008-12-15,1
1477,2008-12-22,1
1478,2008-12-29,1
1479,2009-01-05,1
1480,2009-01-12,1
1481,2009-01-19,1
1482,2009-01-26,1
1483,2009-02-02,1
1484,2009-02-09,1
1485,2009-02-16,1
1486,2009-02-23,1
1487,2009-03-02,1
1488,2009-03-09,1
1489,2009-03-16,1
1490,2009-03-23,1
1491,2009-03-30,1
1492,2009-04-06,1
1493,2009-04-13,1
1494,2009-04-20,0
1495,2009-04-27,0
1496,2009-05-04,0
1497,2009-05-11,0
1498,2009-05-18,0
1499,2009-05-25,0
1500,2009-06-01,0
1501,2009-06-08,0
1502,2009-06-15,0
1503,2009-06-22,0
1504,2009-06-29,0
1505,2009-07-06,0
1506,2009-07-13,0
1507,2009-07-20,0
1508,2009-07-27,0
1509,2009-08-03,0
1510,2009-08-10,0
1511,2009-08-17,0
1512,2009-08-24,0
1513,2009-08-31,0
1514,2009-09-07,0
1515,2009-09-14,0
1516,2009-09-21,0
1517,2009-09-28,0
1518,2009-10-05,0
1519,2009-10-12,1
1520,2009-10-19,0
1521,2009-10-26,0
1522,2009-11-02,0
1523,2009-11-09,0
1524,2009-11-16,0
1525,2009-11-23,0
1526,2009-11-30,0
1527,2009-12-07,1
1528,2009-12-14,1
1529,2009-12-21,1
1530,2009-12-28,1
1531,2010-01-04,1
1532,2010-01-11,1
1533,2010-01-18,1
1534,2010-01-25,1
1535,2010-02-01,1
1536,2010-02-08,1
1537,2010-02-15,1
1538,2010-02-22,1
1539,2010-03-01,1
1540,2010-03-08,1
1541,2010-03-15,1
1542,2010-03-22,1
1543,2010-03-29,0
1544,2010-04-05,0
1545,2010-04-12,0
1546,2010-04-19,0
1547,2010-04-26,0
1548,2010-05-03,0
1549,2010-05-10,0
1550,2010-05-17,0
1551,2010-05-24,0
1552,2010-05-31,0
1553,2010-06-07,0
1554,2010-06-14,0
1555,2010-06-21,0
1556,2010-06-28,0
1557,2010-07-05,0
1558,2010-07-12,0
1559,2010-07-19,0
1560,2010-07-26,0
1561,2010-08-02,0
1562,2010-08-09,0
1563,2010-08-16,0
1564,2010-08-23,0
1565,2010-08-30,0
1566,2010-09-06,0
1567,2010-09-13,0
1568,2010-09-20,0
1569,2010-09-27,0
1570,2010-10-04,0
1571,2010-10-11,0
1572,2010-10-18,0
1573,2010-10-25,0
1574,2010-11-01,1
1575,2010-11-08,0
1576,2010-11-15,0
1577,2010-11-22,1
1578,2010-11-29,1
1579,2010-12-06,1
1580,2010-12-13,1
1581,2010-12-20,1
1582,2010-12-27,1
1583,2011-01-03,1
1584,2011-01-10,1
1585,2011-01-17,1
1586,2011-01-24,1
1587,2011-01-31,1
1588,2011-02-07,1
1589,2011-02-14,1
1590,2011-02-21,1
1591,2011-02-28,1
1592,2011-03-07,1
1593,2011-03-14,1
1594,2011-03-21,1
1595,2011-03-28,1
1596,2011-04-04,1
1597,2011-04-11,0
1598,2011-04-18,1
1599,2011-04-25,0
1600,2011-05-02,0
1601,2011-05-09,0
1602,2011-05-16,0
1603,2011-05-23,0
1604,2011-05-30,0
1605,2011-06-06,0
1606,2011-06-13,0
1607,2011-06-20,0
1608,2011-06-27,0
1609,2011-07-04,0
1610,2011-07-11,0
1611,2011-07-18,0
1612,2011-07-25,0
1613,2011-08-01,0
1614,2011-08-08,0
1615,2011-08-15,0
1616,2011-08-22,0
1617,2011-08-29,0
1618,2011-09-05,0
1619,2011-09-12,0
1620,2011-09-19,0
1621,2011-09-26,0
1622,2011-10-03,0
1623,2011-10-10,0
1624,2011-10-17,0
1625,2011-10-24,0
1626,2011-10-31,0
1627,2011-11-07,0
1628,2011-11-14,0
1629,2011-11-21,0
1630,2011-11-28,0
1631,2011-12-05,1
1632,2011-12-12,1
1633,2011-12-19,0
1634,2011-12-26,0
1635,2012-01-02,0
1636,2012-01-09,0
1637,2012-01-16,1
1638,2012-01-23,1
1639,2012-01-30,1
1640,2012-02-06,0
1641,2012-02-13,0
1642,2012-02-20,0
1643,2012-02-27,1
1644,2012-03-05,1
1645,2012-03-12,0
1646,2012-03-19,0
1647,2012-03-26,0
1648,2012-04-02,0
1649,2012-04-09,0
1650,2012-04-16,0
1651,2012-04-23,0
1652,2012-04-30,0
1653,2012-05-07,0
1654,2012-05-14,0
1655,2012-05-21,0
1656,2012-05-28,0
1657,2012-06-04,0
1658,2012-06-11,0
1659,2012-06-18,0
1660,2012-06-25,0
1661,2012-07-02,0
1662,2012-07-09,0
1663,2012-07-16,0
1664,2012-07-23,0
1665,2012-07-30,0
1666,2012-08-06,0
1667,2012-08-13,0
1668,2012-08-20,0
1669,2012-08-27,0
1670,2012-09-03,0
1671,2012-09-10,0
1672,2012-09-17,0
1673,2012-09-24,0
1674,2012-10-01,0
1675,2012-10-08,0
1676,2012-10-15,0
1677,2012-10-22,0
1678,2012-10-29,0
1679,2012-11-05,0
1680,2012-11-12,1
1681,2012-11-19,0
1682,2012-11-26,0
1683,2012-12-03,0
1684,2012-12-10,1
1685,2012-12-17,1
1686,2012-12-24,1
1687,2012-12-31,1
1688,2013-01-07,1
1689,2013-01-14,1
1690,2013-01-21,1
1691,2013-01-28,1
1692,2013-02-04,1
1693,2013-02-11,1
1694,2013-02-18,1
1695,2013-02-25,1
1696,2013-03-04,1
1697,2013-03-11,1
1698,2013-03-18,1
1699,2013-03-25,1
1700,2013-04-01,1
1701,2013-04-08,1
1702,2013-04-15,1
1703,2013-04-22,1
1704,2013-04-29,0
1705,2013-05-06,0
1706,2013-05-13,0
1707,2013-05-20,0
1708,2013-05-27,0
1709,2013-06-03,0
1710,2013-06-10,0
1711,2013-06-17,0
1712,2013-06-24,0
1713,2013-07-01,0
1714,2013-07-08,0
1715,2013-07-15,0
1716,2013-07-22,0
1717,2013-07-29,0
1718,2013-08-05,0
1719,2013-08-12,0
1720,2013-08-19,0
1721,2013-08-26,0
1722,2013-09-02,0
1723,2013-09-09,0
1724,2013-09-16,0
1725,2013-09-23,0
1726,2013-09-30,0
1727,2013-10-07,0
1728,2013-10-14,0
1729,2013-10-21,0
1730,2013-10-28,0
1731,2013-11-04,0
1732,2013-11-11,0
1733,2013-11-18,0
1734,2013-11-25,0
1735,2013-12-02,0
1736,2013-12-09,1
1737,2013-12-16,1
1738,2013-12-23,1
1739,2013-12-30,1
1740,2014-01-06,1
1741,2014-01-13,1
1742,2014-01-20,1
1743,2014-01-27,1
1744,2014-02-03,1
1745,2014-02-10,1
1746,2014-02-17,1
1747,2014-02-24,1
1748,2014-03-03,1
1749,2014-03-10,1
1750,2014-03-17,0
1751,2014-03-24,0
1752,2014-03-31,1
1753,2014-04-07,0
1754,2014-04-14,0
1755,2014-04-21,0
1756,2014-04-28,0
1757,2014-05-05,0
1758,2014-05-12,0
1759,2014-05-19,0
1760,2014-05-26,0
1761,2014-06-02,0
1762,2014-06-09,0
1763,2014-06-16,0
1764,2014-06-23,0
1765,2014-06-30,0
1766,2014-07-07,0
1767,2014-07-14,0
1768,2014-07-21,0
1769,2014-07-28,0
1770,2014-08-04,0
1771,2014-08-11,0
1772,2014-08-18,0
1773,2014-08-25,0
1774,2014-09-01,0
1775,2014-09-08,0
1776,2014-09-15,0
1777,2014-09-22,0
1778,2014-09-29,0
1779,2014-10-06,0
1780,2014-10-13,0
1781,2014-10-20,0
1782,2014-10-27,0
1783,2014-11-03,0
1784,2014-11-10,1
1785,2014-11-17,1
1786,2014-11-24,1
1787,2014-12-01,1
1788,2014-12-08,1
1789,2014-12-15,1
1790,2014-12-22,1
1791,2014-12-29,1
1792,2015-01-05,1
1793,2015-01-12,1
1794,2015-01-19,1
1795,2015-01-26,1
1796,2015-02-02,1
1797,2015-02-09,1
1798,2015-02-16,1
1799,2015-02-23,1
1800,2015-03-02,1
1801,2015-03-09,0
1802,2015-03-16,0
1803,2015-03-23,1
1804,2015-03-30,0
1805,2015-04-06,0
1806,2015-04-13,0
1807,2015-04-20,0
1808,2015-04-27,0
1809,2015-05-04,0
1810,2015-05-11,0
1811,2015-05-18,0
1812,2015-05-25,0
1813,2015-06-01,0
1814,2015-06-08,0
1815,2015-06-15,0
1816,2015-06-22,0
1817,2015-06-29,0
1818,2015-07-06,0
1819,2015-07-13,0
1820,2015-07-20,0
1821,2015-07-27,0
1822,2015-08-03,0
1823,2015-08-10,0
1824,2015-08-17,0
1825,2015-08-24,0
1826,2015-08-31,0
1827,2015-09-07,0
1828,2015-09-14,0
1829,2015-09-21,0
1830,2015-09-28,0
1831,2015-10-05,0
1832,2015-10-12,0
1833,2015-10-19,0
1834,2015-10-26,0
1835,2015-11-02,0
1836,2015-11-09,0
1837,2015-11-16,0
1838,2015-11-23,0
1839,2015-11-30,0
1840,2015-12-07,1
1841,2015-12-14,0
1842,2015-12-21,1
1843,2015-12-28,1
1844,2016-01-04,1
1845,2016-01-11,1
1846,2016-01-18,1
1847,2016-01-25,1
1848,2016-02-01,1
1849,2016-02-08,1
1850,2016-02-15,1
1851,2016-02-22,1
1852,2016-02-29,0
1853,2016-03-07,0
1854,2016-03-14,0
1855,2016-03-21,0
1856,2016-03-28,0
1857,2016-04-04,0
1858,2016-04-11,0
1859,2016-04-18,0
1860,2016-04-25,0
1861,2016-05-02,0
1862,2016-05-09,0
1863,2016-05-16,0
1864,2016-05-23,0
1865,2016-05-30,0
1866,2016-06-06,0
1867,2016-06-13,0
1868,2016-06-20,0
1869,2016-06-27,0
1870,2016-07-04,0
1871,2016-07-11,0
1872,2016-07-18,0
1873,2016-07-25,0
1874,2016-08-01,0
1875,2016-08-08,0
1876,2016-08-15,0
1877,2016-08-22,0
1878,2016-08-29,0
1879,2016-09-05,0
1880,2016-09-12,0
1881,2016-09-19,0
1882,2016-09-26,0
1883,2016-10-03,0
1884,2016-10-10,0
1885,2016-10-17,0
1886,2016-10-24,0
1887,2016-10-31,0
1888,2016-11-07,0
1889,2016-11-14,0
1890,2016-11-21,0
1891,2016-11-28,1
1892,2016-12-05,1
1893,2016-12-12,1
1894,2016-12-19,1
1895,2016-12-26,1
1896,2017-01-02,1
1897,2017-01-09,1
1898,2017-01-16,1
1899,2017-01-23,1
1900,2017-01-30,1
1901,2017-02-06,1
1902,2017-02-13,1
1903,2017-02-20,1
1904,2017-02-27,1
1905,2017-03-06,1
1906,2017-03-13,1
1907,2017-03-20,1
1908,2017-03-27,0
1909,2017-04-03,0
1910,2017-04-10,0
1911,2017-04-17,0
1912,2017-04-24,0
1913,2017-05-01,0
1914,2017-05-08,0
1915,2017-05-15,0
1916,2017-05-22,0
1917,2017-05-29,0
1918,2017-06-05,0
1919,2017-06-12,0
1920,2017-06-19,0
1921,2017-06-26,0
1922,2017-07-03,0
1923,2017-07-10,0
1924,2017-07-17,0
1925,2017-07-24,0
1926,2017-07-31,0
1927,2017-08-07,0
1928,2017-08-14,0
1929,2017-08-21,0
1930,2017-08-28,0
1931,2017-09-04,0
1932,2017-09-11,0
1933,2017-09-18,0
1934,2017-09-25,0
1935,2017-10-02,0
1936,2017-10-09,0
1937,2017-10-16,0
1938,2017-10-23,0
1939,2017-10-30,0
1940,2017-11-06,1
1941,2017-11-13,0
1942,2017-11-20,0
1943,2017-11-27,0
1944,2017-12-04,1
1945,2017-12-11,1
1946,2017-12-18,0
1947,2017-12-25,1
1948,2018-01-01,1
1949,2018-01-08,1
1950,2018-01-15,1
1951,2018-01-22,1
1952,2018-01-29,1
1953,2018-02-05,1
1954,2018-02-12,1
1955,2018-02-19,1
1956,2018-02-26,1
1957,2018-03-05,1
1958,2018-03-12,1
1959,2018-03-19,1
1960,2018-03-26,1
1961,2018-04-02,1
1962,2018-04-09,1
1963,2018-04-16,1
1964,2018-04-23,0
1965,2018-04-30,0
1966,2018-05-07,0
1967,2018-05-14,0
1968,2018-05-21,0
1969,2018-05-28,0
1970,2018-06-04,0
1971,2018-06-11,0
1972,2018-06-18,0
1973,2018-06-25,0
1974,2018-07-02,0
1975,2018-07-09,0
1976,2018-07-16,0
1977,2018-07-23,0
1978,2018-07-30,0
1979,2018-08-06,0
1980,2018-08-13,0
1981,2018-08-20,0
1982,2018-08-27,0
1983,2018-09-03,0
1984,2018-09-10,0
1985,2018-09-17,0
1986,2018-09-24,0
1987,2018-10-01,0
1988,2018-10-08,0
1989,2018-10-15,0
1990,2018-10-22,0
1991,2018-10-29,0
1992,2018-11-05,0
1993,2018-11-12,1
1994,2018-11-19,1
1995,2018-11-26,1
1996,2018-12-03,1
1997,2018-12-10,1
1998,2018-12-17,0
1999,2018-12-24,1
2000,2018-12-31,1
2001,2019-01-07,1
2002,2019-01-14,1
2003,2019-01-21,1
2004,2019-01-28,1
2005,2019-02-04,1
2006,2019-02-11,1
2007,2019-02-18,1
2008,2019-02-25,1
2009,2019-03-04,1
2010,2019-03-11,1
2011,2019-03-18,1
2012,2019-03-25,1
2013,2019-04-01,1
2014,2019-04-08,0
2015,2019-04-15,1
2016,2019-04-22,0
2017,2019-04-29,0
2018,2019-05-06,0
2019,2019-05-13,0
2020,2019-05-20,0
2021,2019-05-27,0
2022,2019-06-03,0
2023,2019-06-10,0
2024,2019-06-17,0
2025,2019-06-24,0
2026,2019-07-01,0
2027,2019-07-08,0
2028,2019-07-15,0
2029,2019-07-22,0
2030,2019-07-29,0
2031,2019-08-05,0
2032,2019-08-12,0
2033,2019-08-19,0
2034,2019-08-26,0
2035,2019-09-02,0
2036,2019-09-09,0
2037,2019-09-16,0
2038,2019-09-23,0
2039,2019-09-30,0
2040,2019-10-07,0
2041,2019-10-14,1
2042,2019-10-21,0
2043,2019-10-28,0
2044,2019-11-04,1
2045,2019-11-11,1
2046,2019-11-18,0
2047,2019-11-25,0
2048,2019-12-02,1
2049,2019-12-09,1
2050,2019-12-16,1
2051,2019-12-23,1
2052,2019-12-30,1
2053,2020-01-06,1
2054,2020-01-13,1
2055,2020-01-20,1
2056,2020-01-27,1
2057,2020-02-03,1
2058,2020-02-10,1
2059,2020-02-17,1
2060,2020-02-24,1
2061,2020-03-02,1
2062,2020-03-09,1
2063,2020-03-16,1
2064,2020-03-23,0
2065,2020-03-30,0
2066,2020-04-06,0
2067,2020-04-13,1
2068,2020-04-20,0
2069,2020-04-27,0
2070,2020-05-04,0
2071,2020-05-11,0
2072,2020-05-18,0
2073,2020-05-25,0
2074,2020-06-01,0
2075,2020-06-08,0
2076,2020-06-15,0
2077,2020-06-22,0
2078,2020-06-29,0
2079,2020-07-06,0
2080,2020-07-13,0
2081,2020-07-20,0
2082,2020-07-27,0
2083,2020-08-03,0
2084,2020-08-10,0
2085,2020-08-17,0
2086,2020-08-24,0
2087,2020-08-31,0
2088,2020-09-07,0
2089,2020-09-14,0
2090,2020-09-21,0
2091,2020-09-28,0
2092,2020-10-05,0
2093,2020-10-12,0
2094,2020-10-19,0
2095,2020-10-26,1
2096,2020-11-02,0
2097,2020-11-09,0
2098,2020-11-16,0
2099,2020-11-23,0
2100,2020-11-30,0
2101,2020-12-07,0
2102,2020-12-14,1
2103,2020-12-21,0
2104,2020-12-28,1
2105,2021-01-04,1
2106,2021-01-11,1
2107,2021-01-18,1
2108,2021-01-25,1
2109,2021-02-01,1
2110,2021-02-08,1
2111,2021-02-15,1
2112,2021-02-22,0
2113,2021-03-01,0
2114,2021-03-08,0
2115,2021-03-15,1
2116,2021-03-22,0
2117,2021-03-29,0
2118,2021-04-05,0
2119,2021-04-12,1
2120,2021-04-19,0
2121,2021-04-26,0
2122,2021-05-03,0
2123,2021-05-10,0
2124,2021-05-17,0
2125,2021-05-24,0
2126,2021-05-31,0
2127,2021-06-07,0
2128,2021-06-14,0
2129,2021-06-21,0
2130,2021-06-28,0
2131,2021-07-05,0
2132,2021-07-12,0
2133,2021-07-19,0
2134,2021-07-26,0
2135,2021-08-02,0
2136,2021-08-09,0
2137,2021-08-16,0
2138,2021-08-23,0
2139,2021-08-30,0
2140,2021-09-06,0
2141,2021-09-13,0
2142,2021-09-20,0
2143,2021-09-27,0
2144,2021-10-04,0
2145,2021-10-11,0
2146,2021-10-18,0
2147,2021-10-25,0
2148,2021-11-01,0
2149,2021-11-08,0
2150,2021-11-15,0
2151,2021-11-22,0
2152,2021-11-29,0
2153,2021-12-06,1
2154,2021-12-13,1
2155,2021-12-20,1
2156,2021-12-27,1
2157,2022-01-03,1
2158,2022-01-10,1
2159,2022-01-17,1
2160,2022-01-24,1
2161,2022-01-31,1
2162,2022-02-07,1
2163,2022-02-14,1
2164,2022-02-21,1
2165,2022-02-28,1
2166,2022-03-07,1
2167,2022-03-14,1
2168,2022-03-21,0
2169,2022-03-28,0
2170,2022-04-04,0
2171,2022-04-11,0
2172,2022-04-18,1
2173,2022-04-25,0
2174,2022-05-02,0
2175,2022-05-09,0
2176,2022-05-16,0
2177,2022-05-23,0
2178,2022-05-30,0
2179,2022-06-06,0
2180,2022-06-13,0
2181,2022-06-20,0
2182,2022-06-27,0
2183,2022-07-04,0
2184,2022-07-11,0
2185,2022-07-18,0
2186,2022-07-25,0
2187,2022-08-01,0
2188,2022-08-08,0
2189,2022-08-15,0
2190,2022-08-22,0
2191,2022-08-29,0
2192,2022-09-05,0
2193,2022-09-12,0
2194,2022-09-19,0
2195,2022-09-26,0
2196,2022-10-03,0
2197,2022-10-10,0
2198,2022-10-17,0
2199,2022-10-24,0
2200,2022-10-31,0
2201,2022-11-07,0
2202,2022-11-14,1
2203,2022-11-21,1
2204,2022-11-28,1
2205,2022-12-05,1
2206,2022-12-12,1
2207,2022-12-19,1
2208,2022-12-26,1
2209,2023-01-02,1
2210,2023-01-09,1
2211,2023-01-16,1
2212,2023-01-23,1
2213,2023-01-30,1
2214,2023-02-06,1
2215,2023-02-13,1
2216,2023-02-20,1
2217,2023-02-27,1
2218,2023-03-06,1
2219,2023-03-13,1
2220,2023-03-20,1
2221,2023-03-27,1
2222,2023-04-03,1
2223,2023-04-10,1
2224,2023-04-17,1
2225,2023-04-24,1
2226,2023-05-01,0
2227,2023-05-08,0
2228,2023-05-15,0
2229,2023-05-22,0
2230,2023-05-29,0
2231,2023-06-05,0
2232,2023-06-12,0
2233,2023-06-19,0
2234,2023-06-26,0
2235,2023-07-03,0
2236,2023-07-10,0
2237,2023-07-17,0
2238,2023-07-24,0
2239,2023-07-31,0
